{"cameraMode":{"drawMode":0,"name":"Shaded","section":"Shading Mode"},"sceneLighting":true,"audioPlay":false,"sceneViewState":{"m_AlwaysRefresh":false,"showFog":true,"showSkybox":true,"showFlares":true,"showImageEffects":true,"showParticleSystems":true,"showVisualEffectGraphs":true,"m_FxEnabled":true},"in2DMode":false,"pivot":{"x":-1.9849741458892823,"y":-1.6677868366241456,"z":15.02070426940918},"rotation":{"x":0.07049243152141571,"y":0.08517821878194809,"z":-0.006051061674952507,"w":0.9938773512840271},"size":7.371779441833496,"orthographic":false}