{"cameraMode":{"drawMode":0,"name":"Shaded","section":"Shading Mode"},"sceneLighting":false,"audioPlay":false,"sceneViewState":{"m_AlwaysRefresh":false,"showFog":false,"showSkybox":false,"showFlares":true,"showImageEffects":true,"showParticleSystems":true,"showVisualEffectGraphs":true,"m_FxEnabled":true},"in2DMode":false,"pivot":{"x":-0.7842357158660889,"y":0.7810549736022949,"z":8.011577606201172},"rotation":{"x":0.27048805356025698,"y":0.0028905142098665239,"z":-0.0008057592203840613,"w":0.9627304077148438},"size":3.830732583999634,"orthographic":false}