{"cameraMode":{"drawMode":0,"name":"Shaded","section":"Shading Mode"},"sceneLighting":false,"audioPlay":false,"sceneViewState":{"m_AlwaysRefresh":false,"showFog":true,"showSkybox":false,"showFlares":true,"showImageEffects":true,"showParticleSystems":true,"showVisualEffectGraphs":true,"m_FxEnabled":true},"in2DMode":false,"pivot":{"x":-0.721002459526062,"y":0.03713874891400337,"z":20.04410743713379},"rotation":{"x":-0.06761565804481507,"y":0.06490299850702286,"z":-0.004406463820487261,"w":-0.9956004023551941},"size":3.1520373821258547,"orthographic":false}