{"cameraMode":{"drawMode":0,"name":"Shaded","section":"Shading Mode"},"sceneLighting":false,"audioPlay":false,"sceneViewState":{"m_AlwaysRefresh":false,"showFog":true,"showSkybox":false,"showFlares":true,"showImageEffects":true,"showParticleSystems":true,"showVisualEffectGraphs":true,"m_FxEnabled":true},"in2DMode":false,"pivot":{"x":-2.3418521881103517,"y":-2.1400184631347658,"z":25.72564697265625},"rotation":{"x":-0.14222034811973573,"y":-0.03800336644053459,"z":0.005465127993375063,"w":-0.9890930652618408},"size":6.147510528564453,"orthographic":false}