{"cameraMode":{"drawMode":0,"name":"Shaded","section":"Shading Mode"},"sceneLighting":false,"audioPlay":false,"sceneViewState":{"m_AlwaysRefresh":false,"showFog":true,"showSkybox":false,"showFlares":true,"showImageEffects":true,"showParticleSystems":true,"showVisualEffectGraphs":true,"m_FxEnabled":true},"in2DMode":false,"pivot":{"x":-0.522613525390625,"y":0.5957912802696228,"z":16.246862411499025},"rotation":{"x":-0.020435193553566934,"y":0.6629694104194641,"z":-0.018112344667315484,"w":-0.7481650114059448},"size":2.8206992149353029,"orthographic":false}