{"cameraMode":{"drawMode":0,"name":"Shaded","section":"Shading Mode"},"sceneLighting":false,"audioPlay":false,"sceneViewState":{"m_AlwaysRefresh":false,"showFog":false,"showSkybox":false,"showFlares":true,"showImageEffects":true,"showParticleSystems":true,"showVisualEffectGraphs":true,"m_FxEnabled":true},"in2DMode":false,"pivot":{"x":-1.8505091667175294,"y":-5.430678844451904,"z":16.307937622070314},"rotation":{"x":0.27035510540008547,"y":-0.030318710952997209,"z":0.00852521974593401,"w":0.9622576236724854},"size":9.014432907104493,"orthographic":false}