{"cameraMode":{"drawMode":0,"name":"Shaded","section":"Shading Mode"},"sceneLighting":false,"audioPlay":false,"sceneViewState":{"m_AlwaysRefresh":false,"showFog":false,"showSkybox":false,"showFlares":true,"showImageEffects":true,"showParticleSystems":true,"showVisualEffectGraphs":true,"m_FxEnabled":true},"in2DMode":false,"pivot":{"x":-1.562943935394287,"y":-7.166614532470703,"z":7.697484016418457},"rotation":{"x":0.49413931369781496,"y":-0.013035249896347523,"z":0.0074195293709635738,"w":0.8692740797996521},"size":9.304577827453614,"orthographic":false}