{"cameraMode":{"drawMode":0,"name":"Shaded","section":"Shading Mode"},"sceneLighting":false,"audioPlay":false,"sceneViewState":{"m_AlwaysRefresh":false,"showFog":false,"showSkybox":false,"showFlares":true,"showImageEffects":true,"showParticleSystems":true,"showVisualEffectGraphs":true,"m_FxEnabled":true},"in2DMode":false,"pivot":{"x":-0.6080999374389648,"y":0.31545013189315798,"z":6.309999465942383},"rotation":{"x":0.5006651282310486,"y":-0.010382580570876599,"z":0.006015148479491472,"w":0.8655790090560913},"size":9.023451805114746,"orthographic":false}