{"cameraMode":{"drawMode":0,"name":"Shaded","section":"Shading Mode"},"sceneLighting":false,"audioPlay":false,"sceneViewState":{"m_AlwaysRefresh":false,"showFog":true,"showSkybox":false,"showFlares":true,"showImageEffects":true,"showParticleSystems":true,"showVisualEffectGraphs":true,"m_FxEnabled":true},"in2DMode":false,"pivot":{"x":1.5289278030395508,"y":-0.7127999067306519,"z":6.314247131347656},"rotation":{"x":-0.00930739101022482,"y":-0.02339986525475979,"z":0.00021795739303342998,"w":-0.9996868371963501},"size":8.865181922912598,"orthographic":false}