{"cameraMode":{"drawMode":0,"name":"Shaded","section":"Shading Mode"},"sceneLighting":false,"audioPlay":false,"sceneViewState":{"m_AlwaysRefresh":false,"showFog":false,"showSkybox":false,"showFlares":true,"showImageEffects":true,"showParticleSystems":true,"showVisualEffectGraphs":true,"m_FxEnabled":true},"in2DMode":false,"pivot":{"x":-0.6080999374389648,"y":0.31545013189315798,"z":6.309999465942383},"rotation":{"x":-0.20594075322151185,"y":0.41614827513694765,"z":-0.09735483676195145,"w":-0.8803038597106934},"size":4.229337692260742,"orthographic":false}