{"cameraMode":{"drawMode":0,"name":"Shaded","section":"Shading Mode"},"sceneLighting":true,"audioPlay":false,"sceneViewState":{"m_AlwaysRefresh":false,"showFog":true,"showSkybox":true,"showFlares":true,"showImageEffects":true,"showParticleSystems":true,"showVisualEffectGraphs":true,"m_FxEnabled":true},"in2DMode":false,"pivot":{"x":-5.811942100524902,"y":3.418414831161499,"z":31.176544189453126},"rotation":{"x":0.07869237661361695,"y":0.21567074954509736,"z":0.017445823177695276,"w":-0.973146915435791},"size":10.075581550598145,"orthographic":false}