{"cameraMode":{"drawMode":0,"name":"Shaded","section":"Shading Mode"},"sceneLighting":false,"audioPlay":false,"sceneViewState":{"m_AlwaysRefresh":false,"showFog":false,"showSkybox":false,"showFlares":true,"showImageEffects":true,"showParticleSystems":true,"showVisualEffectGraphs":true,"m_FxEnabled":true},"in2DMode":false,"pivot":{"x":-0.4463832974433899,"y":5.180329322814941,"z":1.8517817258834839},"rotation":{"x":0.5800932049751282,"y":-0.010991016402840615,"z":0.007837319746613503,"w":0.8144548535346985},"size":2.6265857219696047,"orthographic":false}