{"cameraMode":{"drawMode":0,"name":"Shaded","section":"Shading Mode"},"sceneLighting":false,"audioPlay":false,"sceneViewState":{"m_AlwaysRefresh":false,"showFog":false,"showSkybox":false,"showFlares":true,"showImageEffects":true,"showParticleSystems":true,"showVisualEffectGraphs":true,"m_FxEnabled":true},"in2DMode":false,"pivot":{"x":-2.6283199787139894,"y":0.515045166015625,"z":6.650931358337402},"rotation":{"x":0.35732391476631167,"y":-0.005599656142294407,"z":0.0021557386498898269,"w":0.9339864253997803},"size":9.023451805114746,"orthographic":false}