{"cameraMode":{"drawMode":0,"name":"Shaded","section":"Shading Mode"},"sceneLighting":false,"audioPlay":false,"sceneViewState":{"m_AlwaysRefresh":false,"showFog":true,"showSkybox":false,"showFlares":true,"showImageEffects":true,"showParticleSystems":true,"showVisualEffectGraphs":true,"m_FxEnabled":true},"in2DMode":false,"pivot":{"x":1.95926034450531,"y":-3.0530242919921877,"z":36.44453048706055},"rotation":{"x":-0.08719159662723541,"y":0.014043199829757214,"z":-0.0012328753946349025,"w":-0.9961060285568237},"size":13.474668502807618,"orthographic":false}