{"cameraMode":{"drawMode":0,"name":"Shaded","section":"Shading Mode"},"sceneLighting":false,"audioPlay":false,"sceneViewState":{"m_AlwaysRefresh":false,"showFog":true,"showSkybox":false,"showFlares":true,"showImageEffects":true,"showParticleSystems":true,"showVisualEffectGraphs":true,"m_FxEnabled":true},"in2DMode":false,"pivot":{"x":-0.5937187671661377,"y":0.31545013189315798,"z":6.309999465942383},"rotation":{"x":-0.11233209818601608,"y":-0.06494186073541641,"z":0.00735376076772809,"w":-0.9915339350700378},"size":13.474668502807618,"orthographic":false}